,Lambda value,MSE Kfold-crossvalidation Ridge
0,1e-05,0.09371471499284327
1,1.029237602671213e-05,0.09399069338568444
2,1.0593300427523858e-05,0.09341033575801325
3,1.0903023136400592e-05,0.09419929491795381
4,1.1221801394777714e-05,0.09387829932873762
5,1.154989996521349e-05,0.09356617081862072
6,1.188759135128866e-05,0.09386032643631004
7,1.2235156023935385e-05,0.09417788447386313
8,1.2592882654383506e-05,0.09424812124811607
9,1.2961068353917582e-05,0.09374743642557457
10,1.3340018920643858e-05,0.09428956594950097
11,1.3730049093472106e-05,0.09443674094823698
12,1.4131482813523293e-05,0.09309803097408738
13,1.4544653493180163e-05,0.09435496417153932
14,1.4969904293004234e-05,0.09447234051042097
15,1.5407588406749147e-05,0.09369362711839777
16,1.5858069354707266e-05,0.09446899911837059
17,1.6321721285632738e-05,0.09379496895120687
18,1.6798929287492346e-05,0.09419610999328748
19,1.729008970730185e-05,0.09341054555894185
20,1.7795610480313574e-05,0.09362270105089164
21,1.8315911468828656e-05,0.09383708386543804
22,1.8851424810915384e-05,0.0936943611500697
23,1.9402595279323174e-05,0.09449483261547247
24,1.9969880650890378e-05,0.09341220936792913
25,2.0553752086752655e-05,0.09378605118798512
26,2.1154694523667745e-05,0.09398189138777424
27,2.177320707678163e-05,0.09431972705631067
28,2.2409803454170615e-05,0.09311777111244263
29,2.3065012383503633e-05,0.09353756474056675
30,2.3739378051179118e-05,0.0944508435716779
31,2.443346055430121e-05,0.093491657977065
32,2.5147836365870625e-05,0.09369540523568662
33,2.588309881357663e-05,0.09337060214658763
34,2.663985857258773e-05,0.09403440944227617
35,2.741874417275036e-05,0.09354463180366687
36,2.8220402520616872e-05,0.09370592132454587
37,2.9045499436736366e-05,0.0940966997636636
38,2.9894720208654605e-05,0.09384897344534866
39,3.076877016008233e-05,0.0937971387739647
40,3.1668375236704694e-05,0.0934457813862381
41,3.2594282609118284e-05,0.09397180354154214
42,3.354726129339691e-05,0.09390823389003888
43,3.4528102789800616e-05,0.09374040521167828
44,3.55376217401596e-05,0.09357801334598351
45,3.657665660447825e-05,0.09319734534522135
46,3.764607035732139e-05,0.09307065053682119
47,3.874675120456128e-05,0.09346998698889218
48,3.987961332108059e-05,0.09396976629645812
49,4.104559761004396e-05,0.09374739151118819
50,4.224567248436892e-05,0.09367868741586217
51,4.3480834671045086e-05,0.09337744853293761
52,4.475211003896981e-05,0.09331251037962104
53,4.6060554450987614e-05,0.09420244078910656
54,4.740725464084136e-05,0.0933230175900423
55,4.87933291157633e-05,0.09351208820095508
56,5.021992908545572e-05,0.09352996383852749
57,5.168823941823277e-05,0.09325833942374853
58,5.3199479625117586e-05,0.09366370108227454
59,5.475490487271207e-05,0.09383167048980595
60,5.635580702568049e-05,0.09424716099547675
61,5.800351571971289e-05,0.09383598128103887
62,5.9699399465859316e-05,0.09320629297417479
63,6.144486678715213e-05,0.09415827754823337
64,6.32413673884605e-05,0.09330709823517226
65,6.509039336054852e-05,0.09394839259116641
66,6.69934804193372e-05,0.09359728301609982
67,6.895220918139947e-05,0.09397974505485052
68,7.09682064767476e-05,0.09343998099048892
69,7.304314670000335e-05,0.09441469236810654
70,7.517875320107317e-05,0.09362045582763426
71,7.737679971648334e-05,0.094347414685938
72,7.963911184256391e-05,0.09345341802008178
73,8.196756855170491e-05,0.09434822584024823
74,8.436410375294509e-05,0.09450608968879742
75,8.683070789818668e-05,0.09468935609006762
76,8.936942963537402e-05,0.09375628594663414
77,9.198237751000602e-05,0.09425566732488282
78,9.46717217163971e-05,0.09373707281323573
79,9.743969590014076e-05,0.09337680646541992
80,0.0001002885990132729,0.09400659620972548
81,0.00010322079722367559,0.09259118438554266
82,0.00010623872588030726,0.09488466508774318
83,0.0001093448915358916,0.09431427788713537
84,0.00011254187402874488,0.0932497899128262
85,0.00011583232862547103,0.0944215775078486
86,0.00011921898822630393,0.09370775113863114
87,0.00012270466563492864,0.09370656542643326
88,0.00012629225589466672,0.09317046920792142
89,0.00012998473869296615,0.09346349222863333
90,0.00013378518083619254,0.09319817038081185
91,0.00013769673879677753,0.09370895623615533
92,0.0001417226613348395,0.09376232405890626
93,0.00014586629219645443,0.09309867907390637
94,0.00015013107289081742,0.09454499845921358
95,0.00015452054554860207,0.09405022294610127
96,0.000159038355863891,0.09458148243259129
97,0.00016368825612212242,0.09406346742010319
98,0.0001684741083165648,0.09377916925297404
99,0.00017339988735591143,0.09446997447816408
100,0.00017846968436565668,0.09444951805441297
101,0.00018368771008599655,0.09333242429387276
102,0.00018905829836907587,0.09361540401259705
103,0.00019458590977848656,0.09377517988075336
104,0.00020027513529400625,0.09381034288812905
105,0.00020613070012465582,0.09428671724961599
106,0.00021215746763323949,0.09404296258672884
107,0.00021836044337563088,0.09374705058417762
108,0.0002247447792581575,0.09354304999256616
109,0.00023131577781653696,0.09350014149404987
110,0.00023807889661991947,0.09414009261921959
111,0.00024503975280369347,0.09453218675309069
112,0.00025220412773482013,0.09413400121011516
113,0.00025957797181357063,0.09372833988981066
114,0.00026716740941565514,0.09475326094756664
115,0.0002749787439788474,0.09435058943182287
116,0.00028301846323833013,0.09351540113177859
117,0.0002912932446151097,0.0934395731947946
118,0.0002998099607619748,0.09331841263458734
119,0.00030857568527160536,0.09370235387603112
120,0.0003175976985515739,0.09370628925036725
121,0.00032688349387111645,0.09435306147925603
122,0.0003364407835846981,0.09384083082667351
123,0.000346277505537539,0.09360120066105437
124,0.0003564018296584244,0.09372026400123544
125,0.00036682216474527037,0.0933274063292891
126,0.0003775471654490868,0.0945058226900334
127,0.0003885857394621299,0.09409071190681012
128,0.0003999470549162232,0.09360220638428762
129,0.00041164054799738554,0.09400260606989415
130,0.0004236759307830935,0.09361111674001013
131,0.0004360631993086859,0.09361044276634249
132,0.00044881264186961083,0.09429222364219957
133,0.0004619348475664119,0.09452447741630002
134,0.000475440715099546,0.09344618074091551
135,0.000489341461821344,0.09500040707991828
136,0.0005036486330526269,0.09389013983795798
137,0.0005183741116717192,0.09464296075915095
138,0.00053353012798382,0.09332736017389613
139,0.0005491292698789323,0.09366809684149031
140,0.0005651844932867858,0.09414536069822926
141,0.0005817091329374358,0.0941883672935346
142,0.0005987169134364763,0.09368345621535511
143,0.0006162219606640671,0.09424758065211507
144,0.000634238813507239,0.09414160445270361
145,0.0006527824359352252,0.09387788408566031
146,0.0006718682294278459,0.09425081688124184
147,0.0006915120457672686,0.09338185398817006
148,0.0007117302002037697,0.09417048537470687
149,0.0007325394850064305,0.0940620543403741
150,0.0007539571834100235,0.09421776739944736
151,0.0007760010839696726,0.09376310574588859
152,0.0007986894953352085,0.09363002087756281
153,0.0008220412614574901,0.09479908455890383
154,0.000846075777239327,0.09449465582069114
155,0.0008708130046439881,0.09405776565446824
156,0.0008962734892746943,0.09338582621317798
157,0.0009224783774388495,0.09394593897661918
158,0.0009494494337111918,0.09439590441246978
159,0.000977209059010448,0.09390479877141143
160,0.0010057803092045053,0.09444406485701881
161,0.0010351869142595565,0.09397938937785803
162,0.0010654532979491164,0.09369910787495732
163,0.0010966045981392863,0.09374690740103844
164,0.0011286666876671068,0.09425335846650948
165,0.0011616661958293517,0.09381027341508008
166,0.0011956305304995898,0.09449462353206825
167,0.0012305879008919086,0.09390273677891334
168,0.0012665673409901883,0.0947407085427763
169,0.001303598733662394,0.09386483036786651
170,0.0013417128354799117,0.09394381248262419
171,0.00138094130226254,0.09430889991351005
172,0.0014213167153703595,0.09418511961408256
173,0.0014628726087643118,0.09363328088146572
174,0.0015056434968579635,0.0943262812082931
175,0.0015496649031835924,0.09448660199708143
176,0.0015949733898963981,0.09422698124515343
177,0.0016416065881413467,0.09414677755786353
178,0.0016896032293078674,0.09351041906156769
179,0.0017390031771983693,0.09450084157652534
180,0.0017898474611372723,0.09445793170518829
181,0.0018421783100480832,0.0942671837777367
182,0.0018960391875267957,0.09368995998370269
183,0.0019514748279407536,0.09392165174807643
184,0.0020085312735829593,0.09383600942732653
185,0.0020672559129126834,0.09431086652005446
186,0.00212769751991414,0.09390769346358366
187,0.002189906294605915,0.09456834210207243
188,0.002253933904734791,0.09451820843310786
189,0.0023198335286886028,0.09531025956138958
190,0.0023876598996637583,0.09400953590635609
191,0.0024574693511241153,0.09487096235794427
192,0.0025293198635889633,0.09460871215380545
193,0.002603271112788984,0.0938135898091673
194,0.0026793845192301553,0.0942737880987701
195,0.0027577232992068057,0.09419928213747968
196,0.0028383525173061607,0.09507281835674711
197,0.002921339140447996,0.09489631766638253
198,0.0030067520935042774,0.09377615712204328
199,0.003094662316544993,0.09424555075665217
200,0.0031851428237577115,0.0940049242529803
201,0.003278268764089805,0.09407499132671493
202,0.0033741174836637113,0.0948560050717759
203,0.003472768590017064,0.09471493075793068
204,0.0035743040182210513,0.09446516331138771
205,0.0036788080989319186,0.09442632317766687
206,0.0037863676284321307,0.09465407232921311
207,0.0038970719407193685,0.09474529943298068
208,0.004011012981703255,0.09371397795548121
209,0.0041282853855713715,0.09390705652284567
210,0.004248986553388083,0.09436036543171053
211,0.00437321673399137,0.09496998342757117
212,0.0045010791072549105,0.09516110952930047
213,0.004632679869784527,0.09489753091275471
214,0.0047681283231202146,0.09442592783706145
215,0.004907536964516961,0.09413906272744173
216,0.005051021580379798,0.09403721011471222
217,0.0051987013424306654,0.09466870943804269
218,0.005350698906686955,0.09397474430722472
219,0.005507140515333962,0.09475026635100992
220,0.005668156101575836,0.09472364939536028
221,0.0058338793975521155,0.0937836593780646
222,0.00600444804540952,0.09384980498110428
223,0.006180003711621146,0.09424736289896568
224,0.006360692204648146,0.0947156275878693
225,0.006546663596041531,0.09480718057251576
226,0.006738072345084688,0.09435663926247884
227,0.0069350774270801625,0.09439190335311692
228,0.007137842465387231,0.09398383530242904
229,0.007346535867319934,0.09475249737413137
230,0.00756133096401845,0.0947694367905102
231,0.007782406154409961,0.09410586109458459
232,0.008009945053378603,0.09492567795905563
233,0.008244136644267534,0.09494353218896782
234,0.008485175435839817,0.09475055981497618
235,0.008733261623828429,0.09481318988554352
236,0.008988601257209676,0.09406240618525466
237,0.009251406409337939,0.09507909787056616
238,0.009521895354084075,0.09408924877727605
239,0.009800292747123655,0.09442677897088282
240,0.010086829812525627,0.09439032962518168
241,0.010381744534796398,0.09421314782742146
242,0.010685281856538812,0.09436084851724019
243,0.010997693881890215,0.09477373431443012
244,0.011319240085908552,0.09438828590553255
245,0.011650187530080413,0.09417159951293227
246,0.011990811084130025,0.09441880368940705
247,0.012341393654313396,0.09507806927087474
248,0.01270222641838724,0.0947286792809045
249,0.013073609067447818,0.0956910743912136
250,0.013455850054840625,0.0951831836508476
251,0.013849266852347476,0.09501126602706886
252,0.014254186213864012,0.09497672887717402
253,0.014670944446786452,0.09474878861575779
254,0.015099887691333032,0.0948891864385591
255,0.015541372208032167,0.09470608536712341
256,0.015995764673616044,0.09469306361587873
257,0.016463442485565458,0.09569230729721326
258,0.016944794075558788,0.09558755070119553
259,0.0174402192320855,0.09553565906890579
260,0.01795012943249206,0.09506118995628426
261,0.018474948184736113,0.09495336524028887
262,0.019015111379132674,0.0953755712278767
263,0.01957106765038462,0.09489091514730871
264,0.020143278750197974,0.09565309624669896
265,0.02073221993079175,0.09528913204699609
266,0.021338380339620443,0.09520238189189924
267,0.02196226342563749,0.09504005823718963
268,0.022604387357436792,0.0951458256294643
269,0.023265285453619722,0.09538171669392637
270,0.023945506625745006,0.09531395550171748
271,0.024645615834229438,0.09519283875136247
272,0.025366194557577992,0.095377317252669
273,0.026107841275333145,0.09548759482022987
274,0.026871171965144432,0.09561987430390065
275,0.027656820614371164,0.09525237466295616
276,0.02846543974664316,0.09472946548429259
277,0.02929770096381687,0.09571472274877668
278,0.03015429550377693,0.09618988554354364
279,0.031035934814546706,0.09601782972591887
280,0.03194335114518409,0.09633174089349401
281,0.03287729815395402,0.09605040192923413
282,0.033838551534282335,0.09594578166874378
283,0.034827909659011044,0.0959854114634135
284,0.035846194243490115,0.09519831918204108
285,0.0368942510280564,0.09570650661248949
286,0.037972950480466706,0.0969728349969734
287,0.03908318851886824,0.09647263203286115
288,0.04022588725590703,0.09629571300675963
289,0.04140199576459225,0.0967672890103366
290,0.04261249086655264,0.09621103525087663
291,0.0438583779433396,0.09696835835766371
292,0.04514069177145081,0.09617901604133303
293,0.04646049738176818,0.09654697809976678
294,0.047818890944123255,0.09679265448109159
295,0.049217000677725595,0.09678382170524433
296,0.05065598778820976,0.09653302028878204
297,0.05213704743207925,0.09667180763865502
298,0.05366140970934857,0.09693176228567835
299,0.055230340685207685,0.0975645743505062
300,0.056845143441557514,0.0969319323595437
301,0.05850715915928988,0.09658722400288722
302,0.060217768232210624,0.09711612992013867
303,0.061978391413531196,0.09701096489716299
304,0.06379049099588094,0.09647762224097738
305,0.06565557202582009,0.09810214719299387
306,0.06757518355386216,0.09644914642773567
307,0.06955091992104427,0.09734416277461017
308,0.07158442208311312,0.09686831079040659
309,0.07367737897342759,0.09663189653620319
310,0.07583152890570906,0.09768635395758027
311,0.07804866101780478,0.09793562212974277
312,0.08033061675766355,0.09756827935052949
313,0.08267929141275761,0.0979022773534419
314,0.08509663568422125,0.09799160540721849
315,0.08758465730701348,0.09787150806272685
316,0.0901454227174503,0.0978216423352016
317,0.09278105876949164,0.0975277803997443
318,0.0954937545012085,0.09867556141060647
319,0.0982857629528972,0.0984898123707471
320,0.10115940303835104,0.09791590519266066
321,0.10411706147084344,0.09816713772825797
322,0.10716119474542223,0.09846094900840585
323,0.11029433117916136,0.09853135078302971
324,0.11351907301106487,0.09853083817255173
325,0.1168380985633668,0.0987084638467089
326,0.12025416446602255,0.0985921169529581
327,0.12377010794623881,0.09892308447514163
328,0.12738884918494384,0.09869367546738321
329,0.1311133937421563,0.09879054384217915
330,0.13494683505326377,0.09903127778805795
331,0.13889235699828884,0.09877956840756577
332,0.14295323654627307,0.09900097337988945
333,0.14713284647697691,0.09961107645294008
334,0.15143465818215537,0.09946392763410936
335,0.15586224454873618,0.10025742064614171
336,0.16041928292629556,0.09988729207825539
337,0.1651095581812955,0.09976602731351152
338,0.16993696584061976,0.09972198106474583
339,0.17490551532701928,0.1006996690326195
340,0.18001933328915445,0.10067299835443969
341,0.18528266702899943,0.09976593537092984
342,0.19069988802945595,0.10043042902903962
343,0.196275495585106,0.10093131655083183
344,0.20201412053911877,0.10004160123894752
345,0.20792052912941605,0.10020139745063374
346,0.2139996269472903,0.10018923305940411
347,0.220256463011763,0.10043059907987412
348,0.22669623396306762,0.10039885296577582
349,0.23332428837874014,0.100660166660839
350,0.24014613121590128,0.10046647066718328
351,0.2471674283834208,0.10118558412159717
352,0.25439401144776075,0.10136319656501452
353,0.2618318824764064,0.10048958316505605
354,0.2694872190229073,0.10139311920329291
355,0.2773663792576692,0.10137176213713932
356,0.2854759072487574,0.10082905429251968
357,0.2938225383971006,0.10105055191646736
358,0.30241320503060226,0.10139720658924564
359,0.3112550421618151,0.10141467491540797
360,0.3203553934139539,0.10157834653791828
361,0.32972181712017123,0.10165034752816093
362,0.3393620926011611,0.10195458877936997
363,0.3492842266263053,0.10191134477523775
364,0.35949646006372715,0.10187598276202015
365,0.370007274724778,0.10220655217739619
366,0.38082540040863944,0.10230351922024057
367,0.3919598221528928,0.10235420669011154
368,0.40341978769607845,0.10253832959054598
369,0.4152148151584415,0.10291061759048528
370,0.42735470094724515,0.10227531406127012
371,0.4398495278932158,0.10281468207410963
372,0.45270967362487824,0.10290166212421932
373,0.465945819187737,0.1032142751892145
374,0.4795689579154609,0.1038561885148592
375,0.4935904045604408,0.10332876420294204
376,0.5080218046913023,0.10352904635374302
377,0.5228751443651791,0.10335816580969213
378,0.5381627600827814,0.10357455324977738
379,0.5538973490345251,0.10411629738797526
380,0.5700919796462348,0.10374837581286483
381,0.5867601024331767,0.1036593157520779
382,0.6039155611714381,0.10402673540966012
383,0.6215726043959313,0.10445529459969971
384,0.6397458972345693,0.10464818535691504
385,0.6584505335884523,0.10458634620544405
386,0.6777020486681596,0.10443696062322425
387,0.6975164318965864,0.10482189597251478
388,0.717910140189021,0.10522184407796127
389,0.7389001116215025,0.10449975391869523
390,0.7605037794988069,0.10477384082218653
391,0.7827390868337488,0.10551545939622509
392,0.8056245012498221,0.10613280191435259
393,0.8291790303195585,0.10606670456738576
394,0.8534222373513435,0.1066351793685472
395,0.8783742576377997,0.10622805263157771
396,0.9040558151792354,0.10608157735461428
397,0.9304882398960455,0.10599201179987096
398,0.9576934853443624,0.10663031696643231
399,0.9856941469496701,0.10652695109583411
400,1.0145134807735248,0.10680249712160439
401,1.0441754228289704,0.10692322599524215
402,1.0747046089606898,0.10743460427564047
403,1.1061263953064038,0.10756316928790186
404,1.1384668793565134,0.10761729075208099
405,1.171752921629475,0.10716140894289242
406,1.2060121679809106,0.10766879149144423
407,1.2412730725649848,0.108615389058636
408,1.2775649214671154,0.10800839458419309
409,1.3149178570276505,0.10883491585656908
410,1.3533629028767078,0.10851592723054213
411,1.3929319897009764,0.10954972299487856
412,1.433657981763876,0.10885622809547484
413,1.4755747042010983,0.10901786664233437
414,1.5187169711142225,0.1098364470833802
415,1.5631206144856884,0.10962756535040248
416,1.6088225139392032,0.109708239194171
417,1.6558606273702599,0.11004679960343142
418,1.704274022472217,0.11072320790023359
419,1.7541029091841296,0.11112734467151053
420,1.8053886730872741,0.11093282019532759
421,1.8581739097781083,0.1109887127044494
422,1.912502460246215,0.11169012414055181
423,1.9684194472866112,0.11236823212382112
424,2.025971312976666,0.1115837091959963
425,2.0852058572487535,0.11175990400724675
426,2.146172277590679,0.11199801048488081
427,2.208921209906847,0.11211570329963999
428,2.2735047705741187,0.11254820108461946
429,2.3399765997272723,0.1126806733374314
430,2.4083919058100345,0.11306552633819614
431,2.4788075114286734,0.11323698226364251
432,2.5512819005462437,0.1135259833604136
433,2.6258752670566716,0.11367555918606144
434,2.70264956477904,0.113526685813715
435,2.7816685589135766,0.11435691576523282
436,2.8629978790020973,0.11451510165163684
437,2.9467050734368865,0.11471549755555764
438,3.0328596655632816,0.11564699165710327
439,3.121533211422569,0.11500594631488853
440,3.2127993591831374,0.11562102771240408
441,3.3067339103092555,0.11596603437055739
442,3.403414882518304,0.11602206143957589
443,3.502922574578667,0.11599651559130589
444,3.6053396330022207,0.11653073630382974
445,3.7107511206867168,0.11673692848197381
446,3.8192445875651133,0.11720371667827556
447,3.930910143320523,0.1172675230445428
448,4.04584053222717,0.11777364961393572
449,4.164131210179517,0.11818783150035937
450,4.285880423973543,0.11830533237519493
451,4.411189292906011,0.11806723180540765
452,4.540161892759507,0.11933322597717344
453,4.672905342242991,0.11916318150732358
454,4.809529891959681,0.1194935653308529
455,4.95014901597612,0.12003455284740251
456,5.0948795060685255,0.12035953533133684
457,5.243841568724664,0.12040880302761992
458,5.3971589249818255,0.12018834325557387
459,5.554958913183835,0.12091055594001082
460,5.717372594742417,0.1215810250976847
461,5.884534862990779,0.1218392860938719
462,6.056584555219804,0.12195433235741815
463,6.233664567989926,0.12212164598753757
464,6.415921975814435,0.12193379822820605
465,6.603508153312801,0.12277662261034057
466,6.796578900935477,0.1230604869854855
467,6.995294574364578,0.1234290485492687
468,7.199820217697941,0.12321043982750753
469,7.41032570052716,0.12353341618855729
470,7.626985859023436,0.12374464388313791
471,7.849980641148523,0.1240138929486524
472,8.079495256111137,0.1244495878990183
473,8.315720328193265,0.12472688787465053
474,8.55885205507391,0.1256499396614154
475,8.809092370781856,0.12555726065649173
476,9.06664911341279,0.12565677670545083
477,9.33173619775006,0.12600123690928905
478,9.60457379293245,0.12626529411720575
479,9.885388505316556,0.12673075834118788
480,10.174413566685578,0.12765883401466338
481,10.47188902796093,0.12694120282196825
482,10.778061958577487,0.12787829676399515
483,11.093186651688091,0.12833792071154448
484,11.417524835367752,0.12752135509030377
485,11.75134588999294,0.1282865262107874
486,12.094927071976548,0.12912469889422193
487,12.448553744044295,0.1288715263169553
488,12.812519612243904,0.12922231289260455
489,13.187126969883815,0.12984868179119455
490,13.572686948604115,0.12994094801308603
491,13.969519776788161,0.13036411565232384
492,14.377955045529546,0.13074991417732298
493,14.798331982375302,0.1306324099941421
494,15.230999733072695,0.13070763066981547
495,15.676317651553626,0.1311703105088032
496,16.134655598397476,0.131518316429364
497,16.606394248020283,0.13226555742446916
498,17.091925404845384,0.1321206212935946
499,17.591652328718265,0.13193963955493007
500,18.105990069835446,0.13328167899181997
501,18.635365813466226,0.13304104795628388
502,19.180219234753057,0.13339617657437305
503,19.741002863885523,0.13373822609171893
504,20.31818246195109,0.13443665692350892
505,20.91223740777482,0.13448632039696823
506,21.52366109606942,0.13440779431766023
507,22.152961347226142,0.1350672357201612
508,22.800660829087082,0.1356945420980071
509,23.46729749104902,0.13575244124440317
510,24.153425010859465,0.1359106945399101
511,24.859613254475914,0.13678320367431995
512,25.5864487493703,0.13634212723549397
513,26.334535171671746,0.13759633675910665
514,27.10449384755217,0.13722438096220976
515,27.896964269271237,0.1374957834399122
516,28.71260462630922,0.13791301926627228
517,29.55209235202888,0.13820041699193142
518,30.416124686320494,0.13883792320984592
519,31.305419254697206,0.13953831564414235
520,32.22071466432178,0.13903927820156714
521,33.16277111745975,0.13988221878391258
522,34.13237104286842,0.139799854717797
523,35.13031974564622,0.14019773660369209
524,36.157446076082095,0.14073610019283964
525,37.214603118060396,0.1415645577759485
526,38.30266889759313,0.14162027538537889
527,39.4225471120679,0.14211421147483716
528,40.57516788081772,0.14216939278717536
529,41.76148851763484,0.142768262949622
530,42.98249432587187,0.1431885693497155
531,44.23919941678938,0.14299114379172165
532,45.532647551830024,0.14370185809072875
533,46.86391300951881,0.14388441676876973
534,48.234101477709416,0.14453373592836166
535,49.64435097191765,0.14507371304975183
536,51.09583278050483,0.14571769512911795
537,52.589752437495974,0.14580758108214942
538,54.127350723840934,0.1463266113078287
539,55.709904697949995,0.1463442511353061
540,57.3387287563598,0.14737520974091284
541,59.0151757254107,0.14817197741405497
542,60.740637984842074,0.14791960058659143
543,62.51654862423888,0.14803002175047542
544,64.34438263328994,0.148780923650011
545,66.22565812684657,0.14925483903137118
546,68.16193760579891,0.14949734093200787
547,70.15482925481727,0.14997700245089687
548,72.2059882780364,0.15050979750171328
549,74.3171182737919,0.15105413673071533
550,76.48997264955057,0.15176443052445837
551,78.72635607821009,0.15177349683990887
552,81.02812599697722,0.15237043396102454
553,83.39719415006984,0.1531351315385039
554,85.83552817652358,0.15310716332711755
555,88.3451532444223,0.15367083326707226
556,90.92815373291016,0.15401201600177897
557,93.58667496337996,0.1547653421988707
558,96.32292498127923,0.1552297787986836
559,99.13917639001093,0.15561981215846044
560,102.03776823845337,0.15683237415525456
561,105.0211079636666,0.15680806398124358
562,108.09167339039884,0.1571861446885599
563,111.25201478905385,0.15750554961885163
564,114.50475699382812,0.1584508472435467
565,117.85260158277747,0.15884810429530705
566,121.29832912162348,0.15959915178712517
567,124.84480147316354,0.1599466629129243
568,128.49496417420238,0.1605364636030137
569,132.25184888197944,0.16097303212178815
570,136.11857589212408,0.1616284317743394
571,140.09835673022934,0.16253564093668602
572,144.19449681919767,0.1632095901045153
573,148.41039822457284,0.1633985822448845
574,152.74956248013942,0.16435031733127103
575,157.21559349613537,0.16450802921210858
576,161.81220055249432,0.1649728201835365
577,166.54320137960278,0.16544048400233513
578,171.41252532913143,0.1661789724664533
579,176.4242166375738,0.1665153314311944
580,181.58243778520318,0.1672306638963854
581,186.8914729532372,0.16835161478116886
582,192.35573158208175,0.1684726441223442
583,197.97975203360915,0.16895727277363448
584,203.76820536051267,0.17007767585412376
585,209.72589918586948,0.17069629165337277
586,215.8577816961288,0.171456970001248
587,222.16894575084967,0.1715700286568092
588,228.66463311259528,0.17220638026546894
589,235.35023880050005,0.17259491082180617
590,242.23131557112418,0.17307620309138
591,249.31357853031793,0.17399978295097612
592,256.6029098799256,0.17484267616459062
593,264.105363803272,0.17544352139640187
594,271.8271714934882,0.17577088433147786
595,279.7747463288545,0.1765357316318414
596,287.95468919945694,0.17688934352882216
597,296.3737939895833,0.17768742376342156
598,305.0390532204107,0.17794785148083575
599,313.95766385767206,0.1787678984784515
600,323.13703328912493,0.17949163705835805
601,332.5847854767869,0.180077755986792
602,342.3087672890478,0.18044294392784227
603,352.3170550179177,0.181258220676715
604,362.6179610868235,0.18162249093382926
605,373.2200409545254,0.18248680735183898
606,384.1321002208877,0.18329691410882828
607,395.3632019404046,0.18367823943962502
608,406.9226741495567,0.184751352239792
609,418.82011761424894,0.18459750810739478
610,431.06541380376507,0.18512325494660703
611,443.66873309786155,0.18589033739042704
612,456.6405432338164,0.18640620716766815
613,469.99161800045357,0.1871157170184087
614,483.7330461863514,0.18767367444927333
615,497.87624078968344,0.18796635534018907
616,512.4329484973294,0.18874986148998074
617,527.4152594411324,0.18923000273314697
618,542.835617239407,0.18996449796873235
619,558.7068293320355,0.19060144140173566
620,575.0420776177388,0.1911400848790979
621,591.8549294023551,0.19223203377361
622,609.15934866722,0.19264659957439167
623,626.969707667007,0.19304748780406406
624,645.3007988666616,0.19328281424499474
625,664.1678472273414,0.19426484429065832
626,683.5865228515694,0.19442126492930306
627,703.5729539980996,0.1952443701816135
628,724.1437404773077,0.19585582750905656
629,745.3159674382292,0.19634853963174156
630,767.107219558699,0.19709307452242766
631,789.5355956503751,0.19736458366296677
632,812.6197236907802,0.19783510380002756
633,836.3787762948423,0.19827930484584025
634,860.8324866387862,0.1988168107362052
635,886.0011648496034,0.19943648201745307
636,911.9057148737079,0.2000978957844823
637,938.5676518387938,0.2011657886950644
638,966.00911992331,0.20155800631290027
639,994.2529107483958,0.20206646097424602
640,1023.3224823075544,0.20232093997904743
641,1053.2419784497822,0.20316626964695736
642,1084.0362489323393,0.20344936642808592
643,1115.730870059815,0.20400784517981543
644,1148.3521659266307,0.20458597365202655
645,1181.9272302806205,0.20503973362666056
646,1216.4839490258526,0.20541148193229922
647,1252.0510233833786,0.20631657228432038
648,1288.6579937291476,0.20688008758419396
649,1326.335264128883,0.2072074154083328
650,1365.1141275903015,0.20763550416403537
651,1405.0267920536464,0.2085365004319702
652,1446.10640714212,0.20913337825883507
653,1488.3870916944368,0.20941873780814269
654,1531.903962102361,0.21021611194393908
655,1576.6931614767602,0.21041672526232322
656,1622.7918896664364,0.21122507020391174
657,1670.2384341545708,0.21189533048938783
658,1719.0722018585711,0.21239700806423129
659,1769.3337518596393,0.21291966384858294
660,1821.064829089278,0.21356449307823794
661,1874.3083990007108,0.21411395316201634
662,1929.108683254011,0.21452166768587863
663,1985.5111964445787,0.2153308946958925
664,2043.56278390547,0.21599601225208934
665,2103.311660614976,0.2164828958698989
666,2164.807451241766,0.21705432960034635
667,2228.1012313608544,0.21764171605775168
668,2293.2455698746235,0.21828012079851022
669,2360.2945726741373,0.21905444073385627
670,2429.3039275770043,0.2193130393824667
671,2500.330950579118,0.22024351031241213
672,2573.4346334586867,0.22073145093981872
673,2648.6756927720903,0.2212405074446242
674,2726.1166202822606,0.2221208231900564
675,2805.8217348614635,0.22253769913036503
676,2887.8572359115965,0.2234760075485948
677,2972.291258346367,0.22382827029299818
678,3059.193929181018,0.22463434892820014
679,3148.6374257765997,0.22508562597740245
680,3240.696035787167,0.2259283338053198
681,3335.446218859687,0.2268254691263562
682,3432.9666701379065,0.22737114386312066
683,3533.338385622916,0.2279382610743813
684,3636.644729444704,0.22849660815936623
685,3742.9715031005694,0.22935267407447252
686,3852.407016717897,0.22985819694158566
687,3965.042162400488,0.230579610404013
688,4080.9704897193606,0.23124339987660944
689,4200.288283410721,0.23215292545770375
690,4323.094643345635,0.23269450643193046
691,4449.491566837824,0.23345854426512086
692,4579.584033357942,0.23401309863919792
693,4713.480091724692,0.2348293436155455
694,4851.290949845212,0.2355013468190866
695,4993.131067079237,0.2362503415991374
696,5139.1182493037895,0.2371612088744205
697,5289.373746757314,0.23769093579470146
698,5444.022354744549,0.23847418349670363
699,5603.192517285773,0.23926500117450072
700,5767.016433796488,0.23980477704417758
701,5935.630168886185,0.24055219709863843
702,6109.1737653673445,0.24128994073834242
703,6287.7913605685535,0.2423227201935469
704,6471.631306048343,0.24273985351931354
705,6660.846290809168,0.24353079127959243
706,6855.59346811387,0.24421616287048376
707,7056.034586009946,0.24544631222246158
708,7262.336121670041,0.24574135876408237
709,7474.669419660228,0.2466892218207825
710,7693.210834250921,0.24715833277329008
711,7918.14187588862,0.2479926155997959
712,8149.6493619501125,0.2487931968103565
713,8387.925571904514,0.24949231419943171
714,8633.168407011566,0.25029619131247194
715,8885.58155468944,0.25095821334158547
716,9145.374657688108,0.2520290262571373
717,9412.763488208973,0.25238451344133184
718,9687.97012711533,0.2532229183280005
719,9971.223148382509,0.2538026724939792
720,10262.757808940918,0.25464615628796905
721,10562.816244069621,0.25528084329104583
722,10871.647668502763,0.25600276096552077
723,11189.508583415867,0.25673450802839526
724,11516.662989463908,0.25754938525427895
725,11853.382606048117,0.25822988409190883
726,12199.94709699362,0.2590042647875554
727,12556.644302825338,0.25969622883518595
728,12923.770479835097,0.2603388656516444
729,13301.630546138467,0.2609507812783614
730,13690.538334925734,0.26165040186727945
731,14090.816855117302,0.262631301961747
732,14502.798559640054,0.26322512665128583
733,14926.82562154745,0.26389402023004666
734,15363.250218212737,0.2644259620557746
735,15812.434823831269,0.2651633684089766
736,16274.752510474898,0.2658129254420129
737,16750.58725794849,0.26649971202369693
738,17240.334272705873,0.2671831345314904
739,17744.400316090145,0.2679221950330354
740,18263.204042170935,0.26842546541436524
741,18797.17634545922,0.2689339463507044
742,19346.76071878848,0.26960325599228396
743,19912.41362165945,0.2702351077086683
744,20494.60485935438,0.2708460931052856
745,21093.817973135694,0.2714947539966689
746,21710.550641853126,0.27209217919389345
747,22345.315095292877,0.27267987336920957
748,22998.638539612108,0.27328410618788546
749,23671.063595212134,0.27392586112145667
750,24363.14874741396,0.27473118779647776
751,25075.468810310515,0.275041167748079
752,25808.615404180768,0.275717947011798
753,26563.197446862352,0.2761886338232914
754,27339.841659490696,0.27696505277546724
755,28139.19308702476,0.2776338982102622
756,28961.915633991735,0.2779688010057709
757,29808.69261589558,0.278600405458749
758,30680.227326747456,0.27908174178814177
759,31577.243623189388,0.2797901774955492
760,32500.486525696295,0.28008602232786123
761,33450.722837355715,0.2807139747321873
762,34428.7417807392,0.2811694837839639
763,35435.35565339424,0.2818676943320559
764,36471.4005025013,0.2821737162240963
765,37537.73681925611,0.28276419940147735
766,38635.250253554084,0.2832815650841125
767,39764.852349570385,0.28374877007878646
768,40927.481302846405,0.28426583813698364
769,42124.10273951253,0.2848519685259342
770,43355.71051829175,0.28525782589497817
771,44623.3275559537,0.28569909363695484
772,45928.00667690206,0.2862493938088069
773,47270.83148760215,0.28674133560344245
774,48652.917276574524,0.2872165836233178
775,50075.411940702405,0.28763980355712226
776,51539.49693862198,0.2880759567646175
777,53046.388271987606,0.2886248410828135
778,54597.33749542688,0.28908068242848867
779,56193.632756024286,0.2895594836435107
780,57836.599863196985,0.2898971358635713
781,59527.60338985107,0.2905182477153825
782,61268.0478057331,0.29077577010401245
783,63059.378643918004,0.2911958450969183
784,64903.08370140246,0.29170956780534874
785,66800.69427480054,0.2921522777066548
786,68753.78643216833,0.29259255726529065
787,70763.98232201351,0.29296151529534786
788,72832.95152057728,0.29334335401302764
789,74962.41241850764,0.2937705304583939
790,77154.13364807557,0.29419418281061654
791,79409.93555211967,0.29460523136417177
792,81731.69169593918,0.29504909369922705
793,84121.33042339113,0.29540620137356766
794,86580.83645848407,0.29577494117498193
795,89112.2525537985,0.2962444056763453
796,91717.68118710326,0.2966427859932825
797,94399.28630757677,0.29698325056044683
798,97159.29513308378,0.29742000951193326
799,100000.0,0.29774705398285506
